"DESCRIPTION","DURATION IN MS","NAME","PARENT SUITE","START TIME","STATUS","STOP TIME","SUB SUITE","SUITE","TEST CLASS","TEST METHOD"
"","35453","1.1.4 validation message for inactive user account","Add User","Tue May 20 21:51:26 UTC 2025","passed","Tue May 20 21:52:01 UTC 2025","","1.1 Org Admin","",""
"","2","A.U_3. Add External User","Add User","Tue May 20 21:52:01 UTC 2025","skipped","Tue May 20 21:52:01 UTC 2025","","1.1 Org Admin","",""
"","1","I.C_1 Case with all fields -- user and user group in Case Officer(s) field","","Tue May 20 21:16:12 UTC 2025","broken","Tue May 20 21:16:12 UTC 2025","","Import Cases","",""
"","0","I.C_3 Case with custom fields","","Tue May 20 21:16:12 UTC 2025","skipped","Tue May 20 21:16:12 UTC 2025","","Import Cases","",""
"","31680","3. Edit and verify reduced number of values on Person View page - Business Name","","Tue May 20 21:31:11 UTC 2025","passed","Tue May 20 21:31:42 UTC 2025","","Edit Person","",""
"","0","2 Import Locations with required fields - verify default properties","","Tue May 20 21:16:56 UTC 2025","skipped","Tue May 20 21:16:56 UTC 2025","","Import Locations","",""
"","687","2.1 Cancelling warning keeps user logged in on other machine","Login page","Tue May 20 21:16:53 UTC 2025","failed","Tue May 20 21:16:54 UTC 2025","","2. Warning that user is logged in on other browser or device","",""
"","1","1.1 Org Admin-- All fields enabled -- redirect to View Added Case","Add Case","Tue May 20 21:16:59 UTC 2025","broken","Tue May 20 21:16:59 UTC 2025","","1. --- No Case Number formatting in Org/Office, AutoDispo ON","",""
"","29983","2. Edit and verify reduced number of values on Person View page - First & Last Name","","Tue May 20 21:30:40 UTC 2025","passed","Tue May 20 21:31:10 UTC 2025","","Edit Person","",""
"","85839","3.1 Verify ""Re-Distribute"" for ""Past Due"" cases","Auto-Disposition","Tue May 20 21:17:00 UTC 2025","failed","Tue May 20 21:18:26 UTC 2025","","3. Verify ""Re-Distribute Case Review Dates"" functionality","",""
"","610","1. Import and verify People with all fields - 1 person linked to 1 case, other person linked to 2 cases","","Tue May 20 21:17:28 UTC 2025","failed","Tue May 20 21:17:29 UTC 2025","","Import People","",""
"","1","1. Import Person with all updated fields","","Tue May 20 21:17:38 UTC 2025","broken","Tue May 20 21:17:38 UTC 2025","","Import People Updates","",""
"","18685","Add User ","","Tue May 20 21:48:55 UTC 2025","failed","Tue May 20 21:49:14 UTC 2025","","Add User","",""
"","0","3 Validation messages for not mapped fields","","Tue May 20 21:16:38 UTC 2025","skipped","Tue May 20 21:16:38 UTC 2025","","Import Legacy Chain of Custody","",""
"","0","4 Validation messages for wrongly formatted values","","Tue May 20 21:16:38 UTC 2025","skipped","Tue May 20 21:16:38 UTC 2025","","Import Legacy Chain of Custody","",""
"","182","1.1.1 'equals' correct Person's name","Search Checkouts","Tue May 20 21:16:26 UTC 2025","failed","Tue May 20 21:16:26 UTC 2025","1.1 Checked Out To","1 Org Admin","",""
"","45891","8.1 verify that required custom form is attached to the case with blank fields","Add Case","Tue May 20 21:24:12 UTC 2025","passed","Tue May 20 21:24:58 UTC 2025","","8. --- with required Custom Form but not filled out, all optional fields on Form","",""
"","73159","9.1 verify multiple Users and Groups can be saved in Case Officers field and Custom User/User Group","Add Case","Tue May 20 21:25:06 UTC 2025","passed","Tue May 20 21:26:19 UTC 2025","","9. --- with multiple users/groups in Case Officers field","",""
"","795","7 Validation messages for wrongly formatted values","","Tue May 20 21:17:18 UTC 2025","failed","Tue May 20 21:17:19 UTC 2025","","Import Notes","",""
"","21454","5. Add an Item with disabled non required / required fields & check if those are shown up on Item Edit page after enabling","","Tue May 20 21:29:07 UTC 2025","passed","Tue May 20 21:29:29 UTC 2025","","Edit Item","",""
"","0","3. Import update for item status (Move transaction)","","Tue May 20 21:16:21 UTC 2025","skipped","Tue May 20 21:16:21 UTC 2025","","Import Item Updates","",""
"","56459","2. Edit and verify all values on Case View page -- keep the previous values and add new ones in multiselect fields (Case Officers, Tags)","","Tue May 20 21:20:09 UTC 2025","passed","Tue May 20 21:21:05 UTC 2025","","Edit Case","",""
"","16238","1. Edit and verify all values on Person View page","","Tue May 20 21:30:23 UTC 2025","failed","Tue May 20 21:30:40 UTC 2025","","Edit Person","",""
"","79907","2.2 verify Org Case Number Format with custom validation message","Add Case","Tue May 20 21:17:27 UTC 2025","failed","Tue May 20 21:18:47 UTC 2025","","2. --- with Case Number formatting in Org, AutoDispo OFF ","",""
"","9366","1.3.1 --- with required Custom Form filled out, all required fields on Form","Add User","Tue May 20 21:52:12 UTC 2025","failed","Tue May 20 21:52:22 UTC 2025","","1.3 --- with Custom Forms","",""
"","23086","5. Case Number Formatting at Office level -- old case that was saved without formatting can be edited without changing Case Number or changing it with proper format","","Tue May 20 21:22:15 UTC 2025","passed","Tue May 20 21:22:38 UTC 2025","","Edit Case","",""
"","101648","7.1 verify all values are properly saved to the custom form -single user in custom User/User Group field","Add Case","Tue May 20 21:22:23 UTC 2025","passed","Tue May 20 21:24:04 UTC 2025","","7. --- with required Custom Form filled out, all required fields on Form","",""
"","0","I.C_5 Case Import - Precheck Only","","Tue May 20 21:16:12 UTC 2025","skipped","Tue May 20 21:16:12 UTC 2025","","Import Cases","",""
"","18994","A.M_3. Add Media to Person","","Tue May 20 21:41:11 UTC 2025","passed","Tue May 20 21:41:30 UTC 2025","","Add Media","",""
"","23539","4.  Case Number Formatting at Org level -- old case that was saved without formatting can be edited without changing Case Number or changing it with proper format","","Tue May 20 21:21:52 UTC 2025","passed","Tue May 20 21:22:15 UTC 2025","","Edit Case","",""
"","29706","6.1 verify Auto Assigned Case Number with Default Case Number Prefix","Add Case","Tue May 20 21:21:45 UTC 2025","passed","Tue May 20 21:22:15 UTC 2025","","6. --- with Auto Assigned Case Number ","",""
"","52594","1.1 All fields enabled -- ""Item Belongs To Shows All People"" turned ON in Org Settings -- multiple people not linked to Primary Case are selected in ""Item Belongs to"" field ","Add Item","Tue May 20 21:28:04 UTC 2025","passed","Tue May 20 21:28:56 UTC 2025","","1. Org Admin","",""
"","21867","A.M_2. Add Media to Item","","Tue May 20 21:40:49 UTC 2025","passed","Tue May 20 21:41:11 UTC 2025","","Add Media","",""
"","74775","4. Add a Person with disabled fields & check if those are shown up on Person Edit page after enabling all of the rest of the fields and editing Business Name / First Name / Last Name","","Tue May 20 21:31:43 UTC 2025","failed","Tue May 20 21:32:58 UTC 2025","","Edit Person","",""
"","26891","4.2 verify Org Default Case Number Prefix, keep a default value as part of the Case Number","Add Case","Tue May 20 21:20:10 UTC 2025","passed","Tue May 20 21:20:36 UTC 2025","","4. --- with Default Case Number in Org ","",""
"","2","1.1. DR for single parent location - No Discrepancies Found","Inventory Reports","Tue May 20 21:15:59 UTC 2025","broken","Tue May 20 21:15:59 UTC 2025","","1. Parent/child locations with items but without containers","",""
"","14474","1.1.1 Add task with required fields only -- Unassigned-- keep template content-- search for task on the grid by Creator name-- verify values on grid","Add Task","Tue May 20 21:48:26 UTC 2025","failed","Tue May 20 21:48:40 UTC 2025","","1.1 Org Admin","",""
"","692","6 Validation messages for not mapped fields","","Tue May 20 21:17:17 UTC 2025","failed","Tue May 20 21:17:18 UTC 2025","","Import Notes","",""
"","0","1.6 Org Admin-- minimum case fields -- redirect to Notes tab on Case View page","Add Case","Tue May 20 21:16:59 UTC 2025","skipped","Tue May 20 21:16:59 UTC 2025","","1. --- No Case Number formatting in Org/Office, AutoDispo ON","",""
"","5012","1.3. Add Item from Case View /Items tab -- redirect to Add Item page again","Add Item","Tue May 20 21:29:14 UTC 2025","failed","Tue May 20 21:29:19 UTC 2025","","1. Org Admin","",""
"","115","3. Scanning 1000 items during Inventory report","Inventory Reports","Tue May 20 21:16:00 UTC 2025","failed","Tue May 20 21:16:00 UTC 2025","","2. Scanning 1000 items","",""
"","22858","2.1 verify Org Case Number Format and check that Case Review Date/Notes is NOT displayed for Org Admin","Add Case","Tue May 20 21:17:04 UTC 2025","passed","Tue May 20 21:17:27 UTC 2025","","2. --- with Case Number formatting in Org, AutoDispo OFF ","",""
"","17709","1.3. Business Name populated only -- redirect to Add Item page","Add Person","Tue May 20 21:44:25 UTC 2025","passed","Tue May 20 21:44:42 UTC 2025","","1. Org Admin","",""
"","716","1 Import Notes for Case","","Tue May 20 21:17:15 UTC 2025","failed","Tue May 20 21:17:16 UTC 2025","","Import Notes","",""
"","0","5. Import update for item status (Undispose transaction)","","Tue May 20 21:16:21 UTC 2025","skipped","Tue May 20 21:16:21 UTC 2025","","Import Item Updates","",""
"","20856","1.2. Optional fields disabled -- First & Last Name populated -- redirect to Add Person page again","Add Person","Tue May 20 21:44:04 UTC 2025","passed","Tue May 20 21:44:24 UTC 2025","","1. Org Admin","",""
"","221","1.1.1 equals {email of the user (current user) who created a case}","Cases Search","Tue May 20 21:16:18 UTC 2025","failed","Tue May 20 21:16:19 UTC 2025","1.1 Created By","1 Org Admin","",""
"","46218","A.M_1. Add Media to Case","","Tue May 20 21:40:03 UTC 2025","passed","Tue May 20 21:40:49 UTC 2025","","Add Media","",""
"","47016","3.3 --- with required Currency Form attached - System Template","Add Item","Tue May 20 21:35:32 UTC 2025","passed","Tue May 20 21:36:19 UTC 2025","","3 Add Item with Custom Form","",""
"","725","2 Import Notes for Item","","Tue May 20 21:17:16 UTC 2025","failed","Tue May 20 21:17:16 UTC 2025","","Import Notes","",""
"","215","2. Verify Transfer transaction and enabled/disabled actions for Checked Out item","","Tue May 20 21:37:50 UTC 2025","failed","Tue May 20 21:37:50 UTC 2025","","Item Transactions & Actions","",""
"","95036","2. Edit and verify all values on Item View page -- keep the previous values in multiselect fields  - Tags & Item Belongs To; 2.1. hitting *enter* button does not wipe out Additional Barcode","","Tue May 20 21:26:12 UTC 2025","passed","Tue May 20 21:27:47 UTC 2025","","Edit Item","",""
"","36960","5.1 verify Office Default Case Number Prefix","Add Case","Tue May 20 21:21:02 UTC 2025","failed","Tue May 20 21:21:39 UTC 2025","","5. --- with Default Case Number in Office ","",""
"","2","I.C.U_1. Import Case Updates - all fields -- user and user group in Case Officer(s) field","","Tue May 20 21:16:03 UTC 2025","broken","Tue May 20 21:16:03 UTC 2025","","Import Case Updates","",""
"","142","2.2. Scanning some barcodes multiple times and checking all types of discrepancies in one Report: ""Barcode valid but not found in the system""""Items Not Scanned"", ""Wrong Storage Location"",""Container Not Scanned"",""Containers in Wrong Location""","Inventory Reports","Tue May 20 21:16:00 UTC 2025","failed","Tue May 20 21:16:00 UTC 2025","","2. Parent/child locations with items and containers","",""
"","35232","1.5. Add item from Scan page -- redirect to Item View/Media tab","Add Item","Tue May 20 21:29:25 UTC 2025","passed","Tue May 20 21:30:00 UTC 2025","","1. Org Admin","",""
"","5400","1.4. Add item from Item Search -- redirect to Case View /Items tab","Add Item","Tue May 20 21:29:19 UTC 2025","failed","Tue May 20 21:29:24 UTC 2025","","1. Org Admin","",""
"","16935","1.2. Optional fields disabled -- redirect to View Added Item -- Item Belongs To Shows All People"" turned OFF in Org Settings -- multiple values selected for ""Item Belongs to"" and Tags","Add Item","Tue May 20 21:28:57 UTC 2025","failed","Tue May 20 21:29:14 UTC 2025","","1. Org Admin","",""
"","1","5 Validation messages for invalid values","","Tue May 20 21:16:38 UTC 2025","skipped","Tue May 20 21:16:38 UTC 2025","","Import Legacy Chain of Custody","",""
"","0","1.6. Create and run DR for single parent location - multiple Discrepancies Found","Inventory Reports","Tue May 20 21:15:59 UTC 2025","skipped","Tue May 20 21:15:59 UTC 2025","","1. Parent/child locations with items but without containers","",""
"","7483","2.1 verify that user can add all values but can select only Storage Location(s) that s/he has access to","Add Item","Tue May 20 21:32:09 UTC 2025","failed","Tue May 20 21:32:16 UTC 2025","","2 Power User -- all permissions in Office, with and without access to Storage Location","",""
"","224","S.I_1. Search by Item Description","","Tue May 20 21:16:34 UTC 2025","failed","Tue May 20 21:16:34 UTC 2025","","Search Item","",""
"","12090","1.4. redirect to Case View page","Add Person","Tue May 20 21:44:42 UTC 2025","passed","Tue May 20 21:44:54 UTC 2025","","1. Org Admin","",""
"","19501","8. Add a Case with disabled fields & check if required fields are displayed properly on Case Edit page after enabling","","Tue May 20 21:23:38 UTC 2025","passed","Tue May 20 21:23:58 UTC 2025","","Edit Case","",""
"","61166","1. Edit and verify all values on Case View page -- replace the current values in multiselect fields (Case Officers, Tags)","","Tue May 20 21:19:06 UTC 2025","passed","Tue May 20 21:20:07 UTC 2025","","Edit Case","",""
"","1","4. Import update for item status (Disposal transaction)","","Tue May 20 21:16:21 UTC 2025","skipped","Tue May 20 21:16:21 UTC 2025","","Import Item Updates","",""
"","713","1 Import Media","","Tue May 20 21:17:05 UTC 2025","failed","Tue May 20 21:17:06 UTC 2025","","Import Media","",""
"","1","2 Import Person with all updated fields - Precheck Only","","Tue May 20 21:17:38 UTC 2025","skipped","Tue May 20 21:17:38 UTC 2025","","Import People Updates","",""
"","4996","1.1.3 validation message for missing permissions","Add User","Tue May 20 21:51:21 UTC 2025","failed","Tue May 20 21:51:26 UTC 2025","","1.1 Org Admin","",""
"","4","5 Five thousand notes for Item and verify notes count on search","","Tue May 20 21:17:17 UTC 2025","skipped","Tue May 20 21:17:17 UTC 2025","","Import Notes","",""
"","20041","4.3 verify Org Default Case Number Prefix and Org Formatting pattern, before and after page reload","Add Case","Tue May 20 21:20:37 UTC 2025","passed","Tue May 20 21:20:57 UTC 2025","","4. --- with Default Case Number in Org ","",""
"","42393","1.7. Add Item from Person View/ ""Items Belonging to"" tab -- redirect to Add Duplicate Item page and complete the action","Add Item","Tue May 20 21:30:35 UTC 2025","passed","Tue May 20 21:31:18 UTC 2025","","1. Org Admin","",""
"","35719","1.1.2. add user with required fields only","Add User","Tue May 20 21:50:45 UTC 2025","passed","Tue May 20 21:51:21 UTC 2025","","1.1 Org Admin","",""
"","687","3. Import Person with all fields - Precheck Only","","Tue May 20 21:17:29 UTC 2025","failed","Tue May 20 21:17:30 UTC 2025","","Import People","",""
"","632","2 Import Media - Precheck Only","","Tue May 20 21:17:06 UTC 2025","failed","Tue May 20 21:17:06 UTC 2025","","Import Media","",""
"","677","I.T_1.2 Import Legacy Tasks for Case - Precheck Only","","Tue May 20 21:16:46 UTC 2025","failed","Tue May 20 21:16:47 UTC 2025","","Import Tasks","",""
"","2967","U.A_1. Send verification email","","Tue May 20 21:16:42 UTC 2025","failed","Tue May 20 21:16:45 UTC 2025","","User Actions","",""
"","30327","3.1 verify Office Case Number Format with default validation message","Add Case","Tue May 20 21:18:52 UTC 2025","failed","Tue May 20 21:19:23 UTC 2025","","3. --- with Case Number formatting in Office ","",""
"","800","I.U_1 Import and verify User with all fields","","Tue May 20 21:17:46 UTC 2025","failed","Tue May 20 21:17:47 UTC 2025","","Import Users","",""
"","2","1 Import Locations with all fields","","Tue May 20 21:16:56 UTC 2025","broken","Tue May 20 21:16:56 UTC 2025","","Import Locations","",""
"","20779","6. Auto-Assigned Case Number -- Case Number can be edited when Auto-assigning of Case Numbers is enabled for new cases","","Tue May 20 21:22:38 UTC 2025","passed","Tue May 20 21:22:59 UTC 2025","","Edit Case","",""
"","15013","A.M_4. Add Media to Task","","Tue May 20 21:41:30 UTC 2025","passed","Tue May 20 21:41:45 UTC 2025","","Add Media","",""
"","10906","1.2.1. Office Admin can create a new user account","Add User","Tue May 20 21:52:01 UTC 2025","failed","Tue May 20 21:52:12 UTC 2025","","1.2 Power User -- all permissions in Office","",""
"","88809","3.1 --- with required Custom Form filled out, all required fields on Form","Add Item","Tue May 20 21:32:16 UTC 2025","failed","Tue May 20 21:33:45 UTC 2025","","3 Add Item with Custom Form","",""
"","2","2. Item with all fields - Disposed Status","","Tue May 20 21:16:29 UTC 2025","broken","Tue May 20 21:16:29 UTC 2025","","Import Items","",""
"","9057","2.1. verify that user can add all values","Add Person","Tue May 20 21:44:55 UTC 2025","failed","Tue May 20 21:45:04 UTC 2025","","2. Power User -- all permissions in Office","",""
"","0","7. Item Updates Import - Precheck Only","","Tue May 20 21:16:21 UTC 2025","skipped","Tue May 20 21:16:21 UTC 2025","","Import Item Updates","",""
"","86879","3.2. --- with required Custom Form but not filled out, all optional fields on Form","Add Person","Tue May 20 21:46:19 UTC 2025","failed","Tue May 20 21:47:46 UTC 2025","","3. Add Person with Custom Form","",""
"","638","1.1 Email & Task - when Case created - all records - 1 user as email recipient","Workflows","Tue May 20 21:17:19 UTC 2025","failed","Tue May 20 21:17:20 UTC 2025","","1. Case Workflows - all case fields enabled in Org Settings","",""
"","1","1.4. Create and run DR for multiple parent and child locations - starting with Child loc -  No Discrepancies Found","Inventory Reports","Tue May 20 21:15:59 UTC 2025","skipped","Tue May 20 21:15:59 UTC 2025","","1. Parent/child locations with items but without containers","",""
"","3813","1.9. Only active people should show up in ""Recovered By"" field when searching by first/middle/last name or email","Add Item","Tue May 20 21:32:05 UTC 2025","failed","Tue May 20 21:32:09 UTC 2025","","1. Org Admin","",""
"","0","6. Import update for item status (CheckIn transaction)","","Tue May 20 21:16:21 UTC 2025","skipped","Tue May 20 21:16:21 UTC 2025","","Import Item Updates","",""
"","766","2.2 Confirmation on warning modal completes login and logs out user on other machine","Login page","Tue May 20 21:16:54 UTC 2025","failed","Tue May 20 21:16:54 UTC 2025","","2. Warning that user is logged in on other browser or device","",""
"","1","1.2 Org Admin-- minimum case fields -- redirect to Add Case page again","Add Case","Tue May 20 21:16:59 UTC 2025","skipped","Tue May 20 21:16:59 UTC 2025","","1. --- No Case Number formatting in Org/Office, AutoDispo ON","",""
"","30414","4. Edit and verify reduced number of values on Item View page ","","Tue May 20 21:28:36 UTC 2025","passed","Tue May 20 21:29:07 UTC 2025","","Edit Item","",""
"","0","1.7 Power User can add case and view/enter/update Review Date/Notes when having AutoDispo permissions","Add Case","Tue May 20 21:16:59 UTC 2025","skipped","Tue May 20 21:16:59 UTC 2025","","1. --- No Case Number formatting in Org/Office, AutoDispo ON","",""
"","103753","1 Edit newly added user, change all values, verify on the grid, and check all/active/inactive filters","","Tue May 20 21:33:31 UTC 2025","failed","Tue May 20 21:35:15 UTC 2025","","Edit User","",""
"","0","1.2. DR for single child location - No Discrepancies Found","Inventory Reports","Tue May 20 21:15:59 UTC 2025","skipped","Tue May 20 21:15:59 UTC 2025","","1. Parent/child locations with items but without containers","",""
"","106702","3.2 --- with required Custom Form but not filled out, all optional fields on Form","Add Item","Tue May 20 21:33:45 UTC 2025","failed","Tue May 20 21:35:32 UTC 2025","","3 Add Item with Custom Form","",""
"","736","1. Report from Case View page - Items tab","Reports","Tue May 20 21:17:03 UTC 2025","failed","Tue May 20 21:17:04 UTC 2025","","Verify generating and opening Report ""Primary Label 4X3""","",""
"","67452","3.4 --- Duplicating item with Currency Form attached","Add Item","Tue May 20 21:36:19 UTC 2025","passed","Tue May 20 21:37:27 UTC 2025","","3 Add Item with Custom Form","",""
"","1027","1.8. Create and run DR for multiple storage locations - multiple Discrepancies Found","Inventory Reports","Tue May 20 21:15:59 UTC 2025","failed","Tue May 20 21:16:00 UTC 2025","","1. Parent/child locations with items but without containers","",""
"","690","3 Import Notes for Case - Precheck Only","","Tue May 20 21:17:16 UTC 2025","failed","Tue May 20 21:17:17 UTC 2025","","Import Notes","",""
"","63800","A.N_1. Add Note to Case","","Tue May 20 21:42:06 UTC 2025","failed","Tue May 20 21:43:10 UTC 2025","","Add Notes","",""
"","29032","4.1 verify Org Default Case Number Prefix, clear a default value and save the other one","Add Case","Tue May 20 21:19:40 UTC 2025","passed","Tue May 20 21:20:09 UTC 2025","","4. --- with Default Case Number in Org ","",""
"","38498","7. Remove all optional values & check history records","","Tue May 20 21:22:59 UTC 2025","passed","Tue May 20 21:23:38 UTC 2025","","Edit Case","",""
"","49030","3. Remove all optional values & check history records","","Tue May 20 21:27:47 UTC 2025","passed","Tue May 20 21:28:36 UTC 2025","","Edit Item","",""
"","2","I.N_5 Five thousand tasks and verify count on search","","Tue May 20 21:16:47 UTC 2025","skipped","Tue May 20 21:16:47 UTC 2025","","Import Tasks","",""
"","1","1. Import updates for all item fields","","Tue May 20 21:16:21 UTC 2025","broken","Tue May 20 21:16:21 UTC 2025","","Import Item Updates","",""
"","0","I.C_4 Five thousand cases and verify cases count on search by ","","Tue May 20 21:16:12 UTC 2025","skipped","Tue May 20 21:16:12 UTC 2025","","Import Cases","",""
"","12231","3.2 verify Office Case Number Format with custom validation message","Add Case","Tue May 20 21:19:23 UTC 2025","passed","Tue May 20 21:19:35 UTC 2025","","3. --- with Case Number formatting in Office ","",""
"","708","I.T_1.1 Import Legacy Tasks for Case","","Tue May 20 21:16:45 UTC 2025","failed","Tue May 20 21:16:46 UTC 2025","","Import Tasks","",""
"","8622","1.3.2 --- with required Custom Form but not filled out, all optional fields on Form","Add User","Tue May 20 21:52:22 UTC 2025","failed","Tue May 20 21:52:30 UTC 2025","","1.3 --- with Custom Forms","",""
"","328564","Add Dispo Task with 11 1DA items and assign to Org Admin, --set different actions for item using all variations--using Actions menu and grid, --check statuses and notes upon submission","","Tue May 20 21:53:06 UTC 2025","failed","Tue May 20 21:58:34 UTC 2025","","Dispo Auth","",""
"","653","3 Import Locations - Precheck Only","","Tue May 20 21:16:56 UTC 2025","failed","Tue May 20 21:16:57 UTC 2025","","Import Locations","",""
"","598","2. Import and verify Person with minimum fields","","Tue May 20 21:17:29 UTC 2025","failed","Tue May 20 21:17:29 UTC 2025","","Import People","",""
"","0","1.4 Org Admin-- minimum case fields -- redirect to Add Person page","Add Case","Tue May 20 21:16:59 UTC 2025","skipped","Tue May 20 21:16:59 UTC 2025","","1. --- No Case Number formatting in Org/Office, AutoDispo ON","",""
"","2","1 Import Legacy Chain of Custody - Checked In transaction","","Tue May 20 21:16:38 UTC 2025","broken","Tue May 20 21:16:38 UTC 2025","","Import Legacy Chain of Custody","",""
"","0","6 Validation messages for blank values","","Tue May 20 21:16:38 UTC 2025","skipped","Tue May 20 21:16:38 UTC 2025","","Import Legacy Chain of Custody","",""
"","109","2.1. Create and run DR for 2 storage locations that have: container with item, empty container, sub-location, empty sub-container and sub-container with item - No Discrepancies Found","Inventory Reports","Tue May 20 21:16:00 UTC 2025","failed","Tue May 20 21:16:00 UTC 2025","","2. Parent/child locations with items and containers","",""
"","767","I.U_1 Import User with all fields - Precheck Only","","Tue May 20 21:17:47 UTC 2025","failed","Tue May 20 21:17:47 UTC 2025","","Import Users","",""
"","122","1.2 Validation messages","","Tue May 20 21:16:53 UTC 2025","failed","Tue May 20 21:16:53 UTC 2025","","Login page","",""
"","687","1. Verify list of already existing services are in place and all listed services have a green status","","Tue May 20 21:17:11 UTC 2025","failed","Tue May 20 21:17:12 UTC 2025","","System Services Page: verify the existing Services are in place, if a new Service gets added =>check the status for all of those","",""
"","65667","1.1.1. add user with all fields -- log in with newly created account","Add User","Tue May 20 21:49:39 UTC 2025","passed","Tue May 20 21:50:45 UTC 2025","","1.1 Org Admin","",""
"","46592","1.8. Add Item from Person View/ Items Custodian tab -- redirect to Split Item page and complete the action","Add Item","Tue May 20 21:31:18 UTC 2025","passed","Tue May 20 21:32:05 UTC 2025","","1. Org Admin","",""
"","0","1.3. DR for multiple parent and child locations - starting with Parent loc - No Discrepancies Found","Inventory Reports","Tue May 20 21:15:59 UTC 2025","skipped","Tue May 20 21:15:59 UTC 2025","","1. Parent/child locations with items but without containers","",""
"","0","1.3 Org Admin-- minimum case fields -- redirect to Add Item page","Add Case","Tue May 20 21:16:59 UTC 2025","skipped","Tue May 20 21:16:59 UTC 2025","","1. --- No Case Number formatting in Org/Office, AutoDispo ON","",""
"","0","1.5 Org Admin-- minimum case fields -- redirect to Media tab on Case View page","Add Case","Tue May 20 21:16:59 UTC 2025","skipped","Tue May 20 21:16:59 UTC 2025","","1. --- No Case Number formatting in Org/Office, AutoDispo ON","",""
"","0","I.C_2 Case with minimum number of fields","","Tue May 20 21:16:12 UTC 2025","skipped","Tue May 20 21:16:12 UTC 2025","","Import Cases","",""
"","70813","3.5 --- Splitting item with Currency Form attached","Add Item","Tue May 20 21:37:27 UTC 2025","passed","Tue May 20 21:38:38 UTC 2025","","3 Add Item with Custom Form","",""
"","3","5 Five thousand notes for Case and verify notes count on search","","Tue May 20 21:17:17 UTC 2025","skipped","Tue May 20 21:17:17 UTC 2025","","Import Notes","",""
"","0","2 Import Legacy Chain of Custody - Precheck Only","","Tue May 20 21:16:38 UTC 2025","skipped","Tue May 20 21:16:38 UTC 2025","","Import Legacy Chain of Custody","",""
"","43460","3. Edit and verify reduced number of values on Case View page -- enter User Group instead of User as Case Officer","","Tue May 20 21:21:07 UTC 2025","passed","Tue May 20 21:21:51 UTC 2025","","Edit Case","",""
"","73334","1. Edit and verify all values on Item View page -- replace the current values in multiselect fields - Tags & Item Belongs To","","Tue May 20 21:24:56 UTC 2025","passed","Tue May 20 21:26:10 UTC 2025","","Edit Item","",""
"","34915","1.6. Add Item from Person View/ Items Recovered By -- redirect to Item View/ Notes tab","Add Item","Tue May 20 21:30:00 UTC 2025","passed","Tue May 20 21:30:35 UTC 2025","","1. Org Admin","",""
"","666","8 Validation messages for invalid values","","Tue May 20 21:17:19 UTC 2025","failed","Tue May 20 21:17:19 UTC 2025","","Import Notes","",""
"","689","1.1 all fields turned on and edited, ""overwrite existing values"" turned OFF","Mass Update Cases","Tue May 20 21:16:08 UTC 2025","failed","Tue May 20 21:16:08 UTC 2025","","1. all fields enabled in Org Settings","",""
"","0","1.7. Create and run DR for single child location - multiple Discrepancies Found","Inventory Reports","Tue May 20 21:15:59 UTC 2025","skipped","Tue May 20 21:15:59 UTC 2025","","1. Parent/child locations with items but without containers","",""
"","0","2. Import update for item status (Check Out transaction)","","Tue May 20 21:16:21 UTC 2025","skipped","Tue May 20 21:16:21 UTC 2025","","Import Item Updates","",""
"","769","9 Validation messages for blank values","","Tue May 20 21:17:19 UTC 2025","failed","Tue May 20 21:17:20 UTC 2025","","Import Notes","",""
"","0","1.5. Create and run DR for multiple parent and child locations  - starting with Child loc - switching back to parent location-  No Discrepancies Found","Inventory Reports","Tue May 20 21:15:59 UTC 2025","skipped","Tue May 20 21:15:59 UTC 2025","","1. Parent/child locations with items but without containers","",""
"","1","I.C.U_2 Case Updates Import - Precheck Only","","Tue May 20 21:16:03 UTC 2025","skipped","Tue May 20 21:16:03 UTC 2025","","Import Case Updates","",""
"","37422","1.1. All fields enabled -- redirect to View Added Person","Add Person","Tue May 20 21:43:26 UTC 2025","passed","Tue May 20 21:44:03 UTC 2025","","1. Org Admin","",""
"","75616","3.1. --- with required Custom Form filled out, all required fields on Form","Add Person","Tue May 20 21:45:04 UTC 2025","failed","Tue May 20 21:46:19 UTC 2025","","3. Add Person with Custom Form","",""
"","104993","2.1 Add User to a Group, then add to another Group --> Verify that previous User Group is not overwritten","","Tue May 20 21:35:15 UTC 2025","passed","Tue May 20 21:37:00 UTC 2025","","Edit User","",""
